Model,p-value,Significance
GNN,9.430359773283839e-20,***
LR,1.8110358959386785e-19,***
GP,0.017542221376535178,*
GA,1.2257304637607824e-08,***
GEP,2.518016423559663e-28,***
RF,2.824253069654568e-13,***
LR-GA,6.644060415673159e-16,***
LR-GP,1.5251350995444039e-15,***
